Producto,Precio,Enlace
"""Nuevo Smartphone S26 Ultra 5G 7.3"""" Desbloqueado de fábrica 16GB +1TB Teléfonos Celulares Android""Se abre en una ventana nueva",USD151.68,https://www.ebay.com/itm/317291417626?_skw=telefono&itmmeta=01K7ZQVSMQ1FGP2V5YSYGCN9CJ&hash=item49e00ad01a:g:nxYAAeSwzfRoyRLM&itmprp=enc%3AAQAKAAAA4FkggFvd1GGDu0w3yXCmi1fJJ0Y2s5TmqhsCNOPMZA5GBV7lpHjCDGV1X4m5Vtkfs%2Buf0bTrjjrvg24cmKrZ7%2FX8tcIQjqd0hWzynjUlZA6cPvANWLdX9SWpeYAKGsp8vICxnwF3RMSZdbE%2FG5j5D5UZvP3g514fN0eWHhtOfkQnPve3ftNRUUTRYGE2Ujjl%2FXZ4lbFPFNLOMyZPC4N9QwVkyDPIUlgqCcnhdqEel6eRwj2nrMtPFXE%2FzgElFqNWriKAvz4tK1Fh6gRsBdh1ZZhJ%2BpJ9grDKYx5117X56phE%7Ctkp%3ABFBMhpvv979m
Teléfono CAT S22 FLIP - 16 GB - Negro (T-Mobile) NUEVOSe abre en una ventana nueva,USD129.97,https://www.ebay.com/itm/205654565849?_skw=telefono&epid=21051759336&itmmeta=01K7ZQVSMQ5NM20NZTE19PJ6CA&hash=item2fe1f7a3d9:g:OKQAAOSw1t9oWwcn&itmprp=enc%3AAQAKAAAA4FkggFvd1GGDu0w3yXCmi1dhnghu5A%2B79fWygmWQg766tJjDXtIXoqjgOYdmcpEFq%2FEc7U%2BmA1AMB43DUSZtliHFS%2Bonb9YneNXobSxSJvE%2FLwCuVLPzttbQkF47nJhqGGRfmoTfkcQGT3AydOamUXRDTKvqOCIs%2BaLo7tfZefhOXjOw0ANI5M2BiqiYfnqIEJtdGYA0PSQNB7kA%2FTCilIlHyBNnoUL8K9ns7Fa5ru2I%2BqDbD92t2rqClbHjKtWXMsCWAk1EpFT1S7J9GaM18VsV7fzY7ujYFAi7tWjbwvtk%7Ctkp%3ABFBMhpvv979m
"Smartphone Pantalla Táctil 4"" 16GB 4G Desbloqueado y Sin SIM (Nuevo)Se abre en una ventana nueva",USD40.27,https://www.ebay.com/itm/387956655021?_skw=telefono&itmmeta=01K7ZQVSMRY523WKWBZ6RJN6M2&hash=item5a5404c3ad:g:MnkAAOSw6DBm79IY&itmprp=enc%3AAQAKAAAA4FkggFvd1GGDu0w3yXCmi1djI3cbfWDrz2oXiZWvTwrSFljdh356Bfju1BuACTQN5WX0oDIHiEz%2F1MfjcCouXS%2F5InyFr1lrYdvl8x4ZI6bp8eIf5gMf4K0OTU%2FZSlRqlME5mmTLMNflfJ2vhYUrWvaP8u9jLp6hZgeHEeZoaRfEVBQE4AFuu602WS2C50E%2FlF%2FT5FegjfehjIbo1hbkegdW9tQqzGIemjEdY6YxQ2lH4drYOSjysWUvxRL4wQUaZiD5E3oJXOm3vzBtycpvPc5Dxczxl5ky2yhloXBCA11x%7Ctkp%3ABFBMhpvv979m
"TELÉFONO MÓVIL ANDROID GOOGLE PIXEL 7 5G NIEVE 128GB/8GB PANTALLA 6.3"" HABILITADO NFC.Se abre en una ventana nueva",USD194.94,https://www.ebay.com/itm/197779963515?_skw=telefono&itmmeta=01K7ZQVSMR6CW4BWJFX7NYJA4J&hash=item2e0c9abe7b:g:CtMAAeSw0lVo8fFv&itmprp=enc%3AAQAKAAAA4FkggFvd1GGDu0w3yXCmi1fzgNHBCyC4barydb3DjPundHblm9GFWhpv2t8PrcInoLwPU0j9JzSIFwH4qxg70%2F7t7HuvAZUp1r2eNw3%2FDLpQzXLDTttt%2BqsM70d6BlXtfWGsWJiHUqsBJy%2F5zZ%2FTsfvtMQBWeVHMhEV0PWAxpBfj7BA9T6qaLplM6AIQjHtpuHT93PRIM%2BNCqiPJ%2FM6EpkhdjCGcXH2VVXISqL%2BhVO0dHd%2BSBedKan3slaAIs6MwKKBg2qNOcgSb1qwu089cZX%2FXgK0xVsmp6X%2BN3xG%2BE8El%7Ctkp%3ABk9SR4ab7_e_Zg
Funciona bien Apple iPhone 5 5c 5s 8/16/32/64GB Todos los colores Totalmente DESBLOQUEADO ¡Bueno!¡!Se abre en una ventana nueva,USD28.88,https://www.ebay.com/itm/126435608547?_skw=telefono&epid=170013921&itmmeta=01K7ZQVSMRJRDB24M9SC7B8ASW&hash=item1d702647e3:g:ugYAAOSwywhmIh~~&itmprp=enc%3AAQAKAAAA4FkggFvd1GGDu0w3yXCmi1exg33UHm%2F0BBrvz33WAUMfl0bRB2TSCXvSL8amVRYgJ9IXg28CIDe8IawCpyd5VdSJNkNYdb8ux58MRxTzczga6r8z2rMjglF2Q7mQi7Zw365nyjAvN7FaXGPihZBRfeAUcvD7aeBXciKCLrxkK43DaT5dIwaoob9MS193dH9IfofGSzLLEk0QK6AXTbf3UPzBrouIM7Xv%2BAPXd6LPHwk7ROyhkgroik5HFjvAnNtE29AxaAU5jy1p%2FUAqObAA%2BfxFBe1YOR5XoZvyzA3dZAjA%7Ctkp%3ABk9SR4ab7_e_Zg
De nuestras marcas popularesSegún el número de visitas y compras | Patro⁩cinado,USD194.95,https://www.ebay.com/itm/186577116952?_skw=telefono&epid=8074111125&itmmeta=01K7ZQVSPTQGPZDSJ6C3GSWKEM&hash=item2b70dcdf18:g:SMoAAOSw9NZmmrFS&itmprp=enc%3AAQAKAAAA4FkggFvd1GGDu0w3yXCmi1dj38AA8Ry6J0%2Foj8aSnsq7C3oGLGR3GuSWtqVv1JAVumFNzhd0rfQmmC72%2FOSQ6GuHzsgMbzR5S%2F01LbbHiekHem%2BnNDgfVk1Ugs78bt2NWzlcywzC%2FMSEaCfZ2usZCE3RJjY6wbpYPR9Jw1g2%2F1GsaxQhE51NHKCC6R9T9b4GHH7xjKUQEtBf8sZAoaW%2FVBdTEE4sDcDQc1J4J9v7MHeQY%2Fq69vjMrcX%2F1UZR1Xx5w4IR3SWTco4SQkc4BinbnAApbeY6R3vApLh1eQKIBFA%2B%7Ctkp%3ABFBM9Jvv979m
Google Pixel 7a | 7 | 7 Pro - 128GB 256GB 512GB - Unlocked - SmartphoneSe abre en una ventana nueva,USD194.95,https://www.ebay.com/itm/186577116952?_skw=telefono&epid=8074111125&itmmeta=01K7ZQVSPTQGPZDSJ6C3GSWKEM&hash=item2b70dcdf18:g:SMoAAOSw9NZmmrFS&itmprp=enc%3AAQAKAAAA4FkggFvd1GGDu0w3yXCmi1dj38AA8Ry6J0%2Foj8aSnsq7C3oGLGR3GuSWtqVv1JAVumFNzhd0rfQmmC72%2FOSQ6GuHzsgMbzR5S%2F01LbbHiekHem%2BnNDgfVk1Ugs78bt2NWzlcywzC%2FMSEaCfZ2usZCE3RJjY6wbpYPR9Jw1g2%2F1GsaxQhE51NHKCC6R9T9b4GHH7xjKUQEtBf8sZAoaW%2FVBdTEE4sDcDQc1J4J9v7MHeQY%2Fq69vjMrcX%2F1UZR1Xx5w4IR3SWTco4SQkc4BinbnAApbeY6R3vApLh1eQKIBFA%2B%7Ctkp%3ABFBM9Jvv979m
NEW Apple iPhone 12  5G 64GB 128GB ios Mobile unlocked Phone in re-SEALED BOXSe abre en una ventana nueva,USD267.20,https://www.ebay.com/itm/136373744276?_skw=telefono&epid=13042311291&itmmeta=01K7ZQVSPTW28VSGN15JE2K64H&hash=item1fc0823294:g:bX8AAeSwQLNorqM3&itmprp=enc%3AAQAKAAAA4FkggFvd1GGDu0w3yXCmi1eegHBCGCHYVTUHa1qsZtwrilBLealB8UinV%2BFKT2sCdUg3g1DSGeQvsDuxMRNNU30S441i7xY5DCne%2FjPPZzAqIudW0fB32epbNntD28fjWuWI3YcJ9LUC8U4jU9wRzXzLba6enEzID55g%2FBzSphjGKF7jUSo%2FAoOwVMCiQpgD6hwJg3VTV6Ca5SR5jT73RZc%2FNpQnWh7hLKkdncqTpZj2w9k8eiGHibuZB9AIDuMfDe3f%2FIX3c3PIeotXH3xzJgtbQh0cDgRHFJCNbin%2FaR%2Bc%7Ctkp%3ABFBM9Jvv979m
Samsung Galaxy A56 5G 256GB 8GB RAM Unlocked Android Smartphone 2025 NewSe abre en una ventana nueva,USD373.27,https://www.ebay.com/itm/187553420550?_skw=telefono&itmmeta=01K7ZQVSPTM1HVBXDGMJJ99YR4&hash=item2bab0e1506:g:~f8AAeSwLBhovxy8&itmprp=enc%3AAQAKAAAA4FkggFvd1GGDu0w3yXCmi1erXN84N97IVAz%2F2KaC2VWV1zZxqb0U3Ptwz9P2MoLWZ44DQvIDsw5T69eJfwsU%2BiZyTZi3M11yVgqS39rRO9IoYftISognvUDCMPpbCvAnsCxBxTsac9dCJghbIsyRgeT3ZRjNuxhOw3YWJZm99l%2Fak84%2BEhQfJpfaG2%2B1Ywhn9qo%2BYQucpCVfXOBIRbFsg2RbT7bp2YXkm9mdj5Kr3a9oj8QKMHuQAPyk7TB%2BI1lTm%2BYgfECtjebmfhREJllDt4D%2BrrxF7TaoKTaVO0g7nign%7Ctkp%3ABFBM9Jvv979m
"Nokia 2720 Flip 4G Dual SIM Unlocked, 2.8 Inch-Brand New Sealed Box-RedSe abre en una ventana nueva",USD100.70,https://www.ebay.com/itm/388737061058?_skw=telefono&itmmeta=01K7ZQVSPT4YPN8Z0YQPDDRSY0&hash=item5a8288d0c2:g:Ce4AAeSwYy1owCi5&itmprp=enc%3AAQAKAAAA4FkggFvd1GGDu0w3yXCmi1cAEH7L93MFEs5kHFXW0rx8MGonjrfI%2BUzCZDkjTQylwpFSeK8%2BJOdk1Fe1PK31w74mvEheUjZobD%2ByNaNL%2FqXPUGA5HQj1kOt8h08NesibAKGpYuM7JyXB393cnXvTzwKVWfH0lyakvrg0sjZemImWrXwbg78Z0jfOWNEM%2Fq3JwUT5A2tF1H19iBcFyr%2FROaxEh%2Ba9PahzPZaWNVGoCDhaQ8uCYyDoNR0mH4L6dY3NGVXfQR8Gud3bKqKs%2FYbcRb1he8IvkK2jSA6k87r1AvRk%7Ctkp%3ABFBM9Jvv979m
"GOOGLE PIXEL 7 5G SNOW 128GB/8GB 6.3"" SCREEN NFC ENABLED ANDROID MOBILE PHONESe abre en una ventana nueva",USD194.94,https://www.ebay.com/itm/197779963515?_skw=telefono&itmmeta=01K7ZQVSPTGTX2E5TVS50Z26AF&hash=item2e0c9abe7b:g:CtMAAeSw0lVo8fFv&itmprp=enc%3AAQAKAAAA4FkggFvd1GGDu0w3yXCmi1e8ESusG1SKh1WnpWkxyQhyMLkUjC%2BBDAZeoSId%2BtOlj2x5VgELC9gitrNCig%2FCS5Q3nbn24Y%2BkyVbt6CkgUgZicMGRbEHIIo9A%2BohWrHypV8Za9nN0sgqUxKN0If%2BEOhAVj81Qk4LlG9Nch%2FYnfdKkNRcxYigZqUm%2F2%2BIXQrpkMjO18McWxilW6jCTM4DGULDm55scrBgzf2OoXCVfV4n1wz8cjhcRL226x%2BbSipkLpQdweSGdR6U70naTPM1%2FbcXVWhAxAtDoDFurSWTdlNhK%7Ctkp%3ABFBM9Jvv979m
"Nokia 2660 Flip 4G 2.8"" IPS Unlocked Sim Free Mobile Phone - TA-1469DS - RedSe abre en una ventana nueva",USD56.38,https://www.ebay.com/itm/389047272646?_skw=telefono&epid=20056442434&itmmeta=01K7ZQVSPTWQ7ERXN4VB59JFGG&hash=item5a950644c6:g:1ekAAeSw0qho4QHq&itmprp=enc%3AAQAKAAAA4FkggFvd1GGDu0w3yXCmi1eZVa%2BgycRbpjWBhTF%2BD1NRWhA9uC%2F1Ea5BQG96HXuLRpiQ1EoVTyf8%2FsggbnO6E1bFxzcoJR1p0cqblrgooZ%2BFyKrKVX8PMkeimiXgh3o2KCkNSd%2FocMmGIS9gVsTL8MOTktjafSrUAd2KdZK8FEKK2Xrvr7lcfycpj5KnPfy43QmeDZ%2F9DXWra4K1ZXheMo5oBF%2BJHTVtc%2FBJdmujdqDNlWjsKoUX754e5tDZuT%2BBDF8udFKyuEZM1G1WmIHk2SYrsavhvryjKGT%2F53TvSK1N%7Ctkp%3ABFBM9Jvv979m
Apple iPhone 7 - 32GB 128GB 256GB - Unlocked AT&T T-Mobile Verizon - Good Cond.Se abre en una ventana nueva,USD79.99,https://www.ebay.com/itm/146868918344?_skw=telefono&epid=240420120&itmmeta=01K7ZQVSPTFBD7YEK6CDZ4W5K8&hash=item223211d848:g:jKUAAeSwTXVo3rXt&itmprp=enc%3AAQAKAAAA4FkggFvd1GGDu0w3yXCmi1cvXSFL%2FGWR%2F5waD9F%2BVbzDBsloLUYBFuEaWR0zFfxXmUB%2F%2BE%2BFOkps67g48U%2FDHSsnHT3jqXKHg9fxoEfsG0Yb6TCr6T9XQlOrK6jmq6ZfdpVg5QnBiMf0GW9IDVEX8OKaQdzvQyTdI%2F4h95IU7Dh%2Bjd8nwO%2Fwjy5YOa2UwVq6fO3Hw1KuxS78E1XnXEbGTIy9R8yDj3FycI%2BM4LOoqeOD9yJ9AWP17Wuw2tmf5NfePhZMRV8T4hNV1T4jybbE6kdAYMYmQKVXMxEa7Vo3CF9w%7Ctkp%3ABFBM9Jvv979m
Samsung Galaxy A56 5G 256GB 8GB RAM Unlocked Android Smartphone 2025 New BlackSe abre en una ventana nueva,USD370.59,https://www.ebay.com/itm/187588301145?_skw=telefono&itmmeta=01K7ZQVSPTE77MRM166FK4BND9&hash=item2bad225159:g:-cIAAeSwwkNo0Ryk&itmprp=enc%3AAQAKAAAA4FkggFvd1GGDu0w3yXCmi1ddoeVkODf0Znoe906B1IY4mrJmiE43N3FHHCIM9cK8ds4RPTJXFKyOiKWNCka0GnX5B68W5tseKpKac1liqpOC7CG8h6Ohg5YYjaP1PT7utmywEUBE4l4G2hci4sWq8wfO2vRIWslW8wQqjxl%2FK38Ts49V8xqodxuRG8A4l6LGgTLn4UTIhMgC3jy3KEmAzzM4Vt0Pb%2BAl1WYPmxnE8DtD0DzoT7PFD8jvgmCsH2vQaAd3Gq05c4xqJf5fJV1BcuN%2FtMqreRFtDnU5MDY2Xc3H%7Ctkp%3ABFBM9Jvv979m
Nuevo Sellado Samsung Galaxy A56 A36 A26 5G 128GB 256GB Desbloqueado TELÉFONO INTELIGENTE 2025Se abre en una ventana nueva,USD171.85,https://www.ebay.com/itm/376097095608?_skw=telefono&itmmeta=01K7ZQVSMRQRZ0AND6RSNSV89H&hash=item5791223fb8:g:~F4AAOSwT7Nn4mwf&itmprp=enc%3AAQAKAAAAwFkggFvd1GGDu0w3yXCmi1dLafLDCLTCvHLn36VlYbBn%2FfPZfJjaXCwcoxObRXxviM2pQUr1Lxc185YhknIaDjZBVlvxux7apc%2B%2BKVChsqu8BrHBfbdGvStVz3wy8L%2BIihrI4VPtajVjwo0pwsoBtSDvgNhNb96Zll%2BigF1A8LM23mAVGzoXs2ICBW3I5gr4aRUf2TyJoLzgHqKabdi2B1MCUok3GagYmmxLMs6N6RXiBvVBNI9pgpCLqhpPIWNNYg%3D%3D%7Ctkp%3ABk9SR4ab7_e_Zg
Teléfono Móvil HONOR X9d 5G 12GB+512GB MARRÓN Doble SIM Octa Núcleo Desbloqueado AndroidSe abre en una ventana nueva,USD559.44,https://www.ebay.com/itm/146881203153?_skw=telefono&itmmeta=01K7ZQVSMRWXH7S91V8W9BR3V3&hash=item2232cd4bd1:g:~0oAAeSwxT1o5kSi&itmprp=enc%3AAQAKAAAAwFkggFvd1GGDu0w3yXCmi1eYmNaQAVwUtEZPe9huXhRiGjA2MoqT2NMslj1gYc916azwsQFsNWktfJz%2FG%2Bfn7Z5%2B63HvadPySXagNpV7LosuOai1nWJ6XcnbtxDhd5A4h8UjGRSFw9gfqWS6LiJpfySk1uC1KREeSYaF9kZWJ0lamhrdy9ArdV1MXN%2BWgRlvl5Sn8YGJmOzH31tkZpwdxdYiFWXfyuidHmViWJvkRzRgTbXizZ1JMSNJlkv8q%2Ff4dA%3D%3D%7Ctkp%3ABk9SR4ib7_e_Zg
"ALT MIVE AT-M140 Estilo Carpeta 2 Teléfono Celular 32GB LTE/3G - Negro, Blanco DesbloqueadoSe abre en una ventana nueva",USD252.43,https://www.ebay.com/itm/317246184495?_skw=telefono&itmmeta=01K7ZQVSMRRS8CAVVT24JZX09S&hash=item49dd589c2f:g:hIAAAeSwtSRou6tF&itmprp=enc%3AAQAKAAAAwFkggFvd1GGDu0w3yXCmi1f6y3UhHevrrEhxeWQ431Q8IAXUnm6TDvPGZAB4cvfmF8jdKjFq5azhKLV%2FPgTf3hZTmX4XjJs0umC6ZS%2BKRFV%2FXEBRebI0KNfxJaaI1dpjfuSFCTPDC0MzSEHSNkS0ljyICSVRrqthG28z4COGCb8p0OphsJqynzLASsAsBerWBNS1QJ671E4hrENzB72GNzdzRcPkdc%2BCGjXa0bBc%2F44dooM58MoqVruCLpnP%2BFdRqg%3D%3D%7Ctkp%3ABk9SR4ib7_e_Zg
Nuevo Teléfono Android Samsung Galaxy A05/A05s A06 128GB 4G 2024 Doble SIM DesbloqueadoSe abre en una ventana nueva,USD87.93,https://www.ebay.com/itm/375687312041?_skw=telefono&itmmeta=01K7ZQVSMRFZ7C4BH9YZXVTJM1&hash=item5778b572a9:g:yK0AAOSw31RnC7V3&itmprp=enc%3AAQAKAAAA4FkggFvd1GGDu0w3yXCmi1eHmHHJT3SCcPRuWz7xeat314UHFWAVXKSjEeAxkD8P91E8bPrIYoDzcDOtcJ9vL4TxvLeTyP4r6JZD%2BcMxMUil06ATDTkiEYx3P3zoFBDPzLBC4hVcKGqbQnc8OSLq5oMtov2uGWvYeL6%2BGSuTHmg5vrcTE96YnaemyXOUgffPmjx%2F40kfrPsLQ57OWCsOpB9mL1NQ%2BHsRJR0e9mEAOjPOIDA%2Ff2wGhMXLSm4pCcM2c2WXR6skVrDBDXeM5a3RtJR5mLIITGnIMm5r%2B15v2KoG%7Ctkp%3ABk9SR4ib7_e_Zg
"Teléfono móvil Apple iPhone 5 5C 5S 8GB 16GB 32GB 64GB Desbloqueado 4G iOS, Probado BUENOSe abre en una ventana nueva",USD27.00,https://www.ebay.com/itm/197106871532?_skw=telefono&epid=117394868&itmmeta=01K7ZQVSMR59AYSB9MBJFQ24HR&hash=item2de47c2cec:g:LksAAOSwY0Nn09NK&itmprp=enc%3AAQAKAAAAwFkggFvd1GGDu0w3yXCmi1f8IzhdHFtt0y8uXB%2BVJdxmWUiPCG36ShzszlKfz2G2PtlK428vCZU2UMXOSd4lzWayhPybZvNE67XQPwupbXXk8a1CcxxXI1Jv7o0aFbZDCjZZnkY3GDGiYx%2Ff1lCjZR0QgZrPcOmVrbpvJHp7%2BTLv1ah1jyy2djIK2vE%2BoO1A6hkb%2FO645Edqq5Zx1B8L3l6wThDVwfOIJXkqTjYBrqv5Q7BGIP7ilPe%2FMebkryUVdw%3D%3D%7Ctkp%3ABk9SR4ib7_e_Zg
Carpeta Estilo ALT MIVE 32 GB AT-M120 Desbloqueado Android LTE/3G - Negro/Blanco GoogleSe abre en una ventana nueva,USD136.36,https://www.ebay.com/itm/405799903593?_skw=telefono&itmmeta=01K7ZQVSMR29152H9J1P6P4F1X&hash=item5e7b8f2169:g:X3EAAOSwUgFn0oYn&itmprp=enc%3AAQAKAAAA4FkggFvd1GGDu0w3yXCmi1dr34SemerlOxNBWAzu6MRp8XsB5wWvYR81%2BxIuNqqKzE%2FS93bUOZday1vfSyU5pNm%2BtjgD%2FRueDgRaOoDSRna7v84t0fsIDsANqxTk1qODiQPYHt0ZYf8Qk5QV8%2BAlaf5140SOKeqc9q6MxAT3WSslh9OXNmAA3PXPfNLkVgeCqe7AavTAPo%2B1c3Mwy4EryUxAUrP4n%2BcvuOkzRmlKzcigl80FY1Ddf0PbIy%2B%2F9s2Md73Nk3YQSpzFbPbs8vEQtfdgOmae5u9NTvxvOhuNu%2F6o%7Ctkp%3ABk9SR4ib7_e_Zg
Nuevo Teléfono Inteligente Samsung Galaxy A56 5G 128GB/256GB 8GB Ram Desbloqueado Android 2025Se abre en una ventana nueva,USD335.65,https://www.ebay.com/itm/197172060514?_skw=telefono&itmmeta=01K7ZQVSMR3Y43C1F0B1ND0N5X&hash=item2de85ee162:g:ockAAOSwn91oA3BI&itmprp=enc%3AAQAKAAAAwFkggFvd1GGDu0w3yXCmi1etv%2Fq9MwTqKearAsyirHePdyL3LRt14hIUlTZvoXLDle%2Bs6vdN9xjRcXuTFXid3uuTGmfNCHkXhVG6aVZPKIhOZR59UbBk%2BRoWu8y7CgDt0Y03MpswhkLq6heL9bp0dy1rOL9t3KPobnYs1Nu%2BM7N%2FivrYQLj1lLGkl4%2FUCWAEeE%2FxchhCBMiYnOLBZ7vZAuIL43JSTcaBWdMF%2F8iJ3I%2BzR1EWyTWSTYgICC4%2BsqpFFg%3D%3D%7Ctkp%3ABk9SR4ib7_e_Zg
Smartphone Tecno Pova Slim 5G 8GB RAM 128GB Azul Cielo Versión Global DesbloqueadoSe abre en una ventana nueva,USD268.99,https://www.ebay.com/itm/205715164414?_skw=telefono&itmmeta=01K7ZQVSMR049ZXKB7G3ZSCS8M&hash=item2fe5944cfe:g:5lgAAeSwlXVovvFh&itmprp=enc%3AAQAKAAAA4FkggFvd1GGDu0w3yXCmi1dTZeUABhoOZJKH26P4yYeSmQgGraFDfV9ks%2FM9z0T1gtCbzobdbUSL8Zk%2BI%2FizHlei9owb9biHVWJbihIAaNvLAddQPpN%2BtFLinFvqz0Y8%2BWIOZ%2FN5pWs40SfoB0xdeayTLKY5LPik0hb7R%2F2F606JMuvnUvxgpkXj3pfAgQJ2gsIvrYYqijjvVH6KZl6wZD3BmCPauUj99NEXEPgiODGnCcCnPw4wGKaKOE1IynzhsgpoHI1NEvWy92%2FR72Q9HhVU2uCX27SnpyVyIZ42C7rI%7Ctkp%3ABk9SR4ib7_e_Zg
Google Pixel 7a | 7 | 7 Pro - 128GB 256GB 512GB - Desbloqueado - SmartphoneSe abre en una ventana nueva,USD194.95,https://www.ebay.com/itm/186577116952?_skw=telefono&epid=8074111125&itmmeta=01K7ZQVSMRFXQN1J8SMS3TVQMM&hash=item2b70dcdf18:g:SMoAAOSw9NZmmrFS&itmprp=enc%3AAQAKAAAA4FkggFvd1GGDu0w3yXCmi1dj38AA8Ry6J0%2Foj8aSnsq7C3oGLGR3GuSWtqVv1JAVumFNzhd0rfQmmC72%2FOSQ6GuHzsgMbzR5S%2F01LbbHiekHem%2BnNDgfVk1Ugs78bt2NWzlcywzC%2FMSEaCfZ2usZCE3VlhlJHjyWHuFSH7wQAS7jr98MCEveA3bjcDwBqROZ59x4DUi64oAd0K40rstN0At%2BTRzv%2BTPvA2X8KZDkS2XH0Q7Jbb%2FVHrYA7i9J8%2FqoeWCH5aw5Nk2zCY0h4yvOsAESh1LpVT1cIsMi9GdAWh%2Bw%7Ctkp%3ABFBMiJvv979m
Carpeta Estilo ALT MIVE 32 GB AT-M120 Desbloqueado Android LTE/3G - Negro/Blanco googleSe abre en una ventana nueva,USD149.00,https://www.ebay.com/itm/197106358591?_skw=telefono&itmmeta=01K7ZQVSMRC6T63FNDZNP1WPHW&hash=item2de474593f:g:uycAAOSwh2hn05bK&itmprp=enc%3AAQAKAAAA4FkggFvd1GGDu0w3yXCmi1eH2RaP%2F1IWSFr0KihO5AK%2FvUuZBwn%2BxNAimiSYORPXBaCsg5mENcWgC35nlMddMvXE%2FqOJFL9Ryaal4zS154orUi5SDC8KTHGZS8qoSyotANMBYxOL7zth28bV6UhVLuf2AKp8BJnn2Iz0HLVuP6GNCRiJ9N8%2BQtjRnFFuwk%2FBJg7iU5LBUnzR2vNQJYgDg9MZqLqmvqrOlySvVQkI0tFyN0n0x5Md%2FRjiy4zBE7i779SM4zU7NDzegqYfQO4B5yy8UYtY8a%2BXqPWW47iKRWvr%7Ctkp%3ABFBMiJvv979m
Nuevo Teléfono Celular 2024 S23 Ultra Desbloqueado 5G 7.3 pulgadas 8GB+256GB Doble Sim Teléfono DesbloqueadoSe abre en una ventana nueva,USD156.49,https://www.ebay.com/itm/317291018883?_skw=telefono&itmmeta=01K7ZQVSMR3FXVDHJHNSJ4CEWQ&hash=item49e004ba83:g:dWwAAeSwLb5oyPS6&itmprp=enc%3AAQAKAAAA4FkggFvd1GGDu0w3yXCmi1d8gXzNpq9mHGHJWu3dtRK66pZCRqDrazGyujT06cntg1OOz2wlNozNV90iSHaVNxpF0IBF8ejFdXqUxQEPYJ%2BqL%2F%2BFOm7NO%2BmnuY3sIWtg5tP1OtLSeRqUwk8LK4%2BcHBuqIl97oIJPUfhFy7Tf45FZ8QDTKPgdJSnftnDfAg1iX7f0Ee1m269z%2Fe%2FV23mrJDY7pMXKGqHssjpuMvb5gzPXFspmKmZfOSfJvTuA0RXpYg0rjuc%2BzvmCNJl%2BmcMqedsmVzbYmw4%2Bz1llFAWFarss%7Ctkp%3ABFBMiJvv979m
Tecno Pova Slim 5G Desbloqueado de fábrica Doble SIM 8 GB RAM 128 GB ROM - SIN TARIFA A EE. UU.Se abre en una ventana nueva,USD251.99,https://www.ebay.com/itm/177389680026?_skw=telefono&itmmeta=01K7ZQVSMRKDEFBEB5TGVDXEQ8&hash=item294d3fb59a:g:C5EAAeSw7Ztouo1D&itmprp=enc%3AAQAKAAAA4FkggFvd1GGDu0w3yXCmi1eKADZp1ndq5FYUa8Yf9yiH5NhqNfZ68Ve4BlmqxUoBFQ0NWmMV2g6fbZin9K3SYOTAJqNC%2BoHAnTB1ffNCwOXy2Hsb5R5Vnsyzw4VFZX8OOdiQG9iQOycsmyi%2BrHa%2BTJ8lVmCEFDs7pCVmnUk4dz4ks8hlwsPAy21W6CF1WnRH3feBgisR3ndY90bh2lHiB9hCDR3p4QvqOSUAAPvzAPfafEeqUbvmepdP%2B2%2BJosvOR%2BT4kitxAmIDFdCivPO%2FKAo9mUmZ0hRqRruq9seClgcM%7Ctkp%3ABk9SR4ib7_e_Zg
"Nuevo Nokia 106 - Teléfono Móvil Desbloqueado Doble Sim, Básico Negro - Envío GratisSe abre en una ventana nueva",USD22.81,https://www.ebay.com/itm/388963905185?_skw=telefono&epid=219532454&itmmeta=01K7ZQVSMREX5EQQ4A9B7ZJ0VJ&hash=item5a900e2ea1:g:bSMAAeSwHe5oxcEf&itmprp=enc%3AAQAKAAAA4FkggFvd1GGDu0w3yXCmi1e4OAL4nrgjzAkM5iFVkq%2BuDYjkKl4iDXN2nwXG40rsFBa5AMsS7WCKmLIFOC0ysMVtXqOEwUUH%2BANWmc%2FTixRKgTAp%2B%2BBDQo74qN5aMAFZ7x%2FQX79S3LdZDJMz%2FdHtlq2u%2BEwl2yQcgdy9OLtshA6BjC70ZAKVJ3knPXBBDm3Bb9bW%2F35p8qCmlIitDY4yK4zZ7x4n41605dRu42TtU%2FhPd6HD16aL3tIyfCyuUOvGQ%2B8tCozI6hv1GKRqKoqCfliIXzjyTGlH1fNCg8cSTFwF%7Ctkp%3ABk9SR4ib7_e_Zg
"Fairphone 4 256 GB 8 GB RAM (DESBLOQUEADO DE FÁBRICA) 6,3"" 48 MPSe abre en una ventana nueva",USD499.99,https://www.ebay.com/itm/196145784812?_skw=telefono&itmmeta=01K7ZQVSMRGZWACA15NBQ2S774&hash=item2dab3327ec:g:ffQAAOSwSsBlhKNs&itmprp=enc%3AAQAKAAAA4FkggFvd1GGDu0w3yXCmi1dNpETlk0bApp%2B223JKnina8k2iEd9qOSDkvcInipLQcxycbuVS9BfKSI9btfVzBKzfp4CyNouJaAtPZcMG0ktV2xlHT%2BmMh8aXIN0ECTVS8XUGJCYCd81D4fa7UziR0sw5CBTAcGOUpjRWb%2Fme9xnrRHhJAbezwtbQ3GX%2FahkRo9ANCelIH6IpjgcP%2BQtYWKZ%2FLDI%2BGrN40q8QJ9pamo9snpcGEsWsTH7HQbMPGMAzgcuDxQOc792yNCj%2B5fe53xtI5xR5tQAzzMwXYAQW%2BDhI%7Ctkp%3ABk9SR4ib7_e_Zg
NUEVO Samsung Galaxy A04/A04s/A05/A05s/A14/A15/A24/A34/A54 Doble Sim Teléfono AndroidSe abre en una ventana nueva,USD107.40,https://www.ebay.com/itm/196233436164?_skw=telefono&itmmeta=01K7ZQVSMR256GSY7JT4A8FSNP&hash=item2db06c9c04:g:mlkAAeSwd8po4is-&itmprp=enc%3AAQAKAAAA4FkggFvd1GGDu0w3yXCmi1daO%2Bg7o9Op7XL9HT40VIJJlK2auLQ7Q2gEiEci0NF8rzX74DhNkqpULnHmk3%2FZHBQqjJqqtXbqCTN96NDtBjinLzSynEqYlWVwk%2FCsHYdZiUJwV2lFjghPOkY28h3J2CUrPztXNCTfqtYs84fHUE9GIOHo5sr5OIMo19s2XlVDs5x%2B%2BZuIDC9XOoIsl9G4qzErvlnAb2wKT1y%2FaM5DzuP4jWHKPzk9KWWaMASPJevIcyOQJenQdR8gp5r802pC55ekcHABng2JoVLXglaQq3gy%7Ctkp%3ABk9SR4qb7_e_Zg
Teléfono Original Apple iPhone 2G 3G 3GS 4/8/16/32GB Desbloqueado BUENO para ColecciónSe abre en una ventana nueva,USD43.00,https://www.ebay.com/itm/197109782959?_skw=telefono&itmmeta=01K7ZQVSMRRHYJA6JSYTA24MJR&hash=item2de4a899af:g:TFEAAOSwMzdn1PpS&itmprp=enc%3AAQAKAAAAwFkggFvd1GGDu0w3yXCmi1cVKI%2FTvcCitYPYHRegm7ZcBCtcmdpBQPelwoZbyYs4oWGc8psy%2BYo4dlH816Uos4c%2B3YSUCb8W5B6CzNLBDOm%2BQIENQdGsMVnDMzriHVMBMNa7iU0HmUoovupmfMm5MzubA6dlc21UZyP9EAeTl3k18HUVhAoJeEC4Ev81Dwd5nu70EFnXv%2FqnMakxe2eRcOAvqUHfZjIMnauME7b%2BL5SGp%2FDBREe7T%2FPMzmmDfoxZkg%3D%3D%7Ctkp%3ABk9SR4qb7_e_Zg
"Smartphone Samsung Galaxy A17 5G 128GB, Desbloqueado, Negro Nuevo PrecintadoSe abre en una ventana nueva",USD187.96,https://www.ebay.com/itm/227029673268?_skw=telefono&itmmeta=01K7ZQVSMR42MM2Q527EM2PVQZ&hash=item34dc05e534:g:MBoAAeSwKQRo8BRZ&itmprp=enc%3AAQAKAAAA4FkggFvd1GGDu0w3yXCmi1fSd3blx8JBk0cc5NkoU3Z5nOLvQgmUn8hsyF7bCgKnWpX9eZ1frpnuVltmHer3NGnsoTHcDzMZZa15mjWBfp9%2FtVdZjANgeDfGp0o3WZczPYJnrGUaa5d%2BX8MnWKOxb3APtMck03%2B7qqKjDvapNCNq3gcfAUcIfEGIZgACKuFR5Nf2xyPmLYOuJHpYmUCFw5wWGkYqiUYscDrNiz7QJ%2F7AfAANksVpimQNjUdJq07OPCCLsKspclmkQcjkYD5Bddy8wQ9oyfizrrfZ0Sh0imn%2F%7Ctkp%3ABk9SR4qb7_e_Zg
Smartphone Google Pixel 6 128GB 256GB 5G Desbloqueado Negro Verde Rosa | PromedioSe abre en una ventana nueva,USD147.70,https://www.ebay.com/itm/234767043826?_skw=telefono&epid=5050343494&itmmeta=01K7ZQVSMR9JD8N1X7Q48WZ8WN&hash=item36a934ccf2:g:PGAAAOSwBG5nfP8A&itmprp=enc%3AAQAKAAAAwFkggFvd1GGDu0w3yXCmi1fhOANaw5g9CMZnCLPEq9XPE6mQn5ERBzYQ4mHwrPvjzgRkUEQ3JYRXa%2Bknk6SVAPfFzu33hwZz7Ve%2FBBcoOirp7i7AApOupaCmHIaoRpnWr1HB5xcOmP%2FqQGBcmp%2FTTBtjI8vo%2FLTQdb%2BEyZYY0OY%2F48T4YYMqWyJRz3mYglvBNJQaFLw2FCu9GnUEVqZmbDL3b2Mbh2lhe1KHEoqVZizmmlia9BHK%2F0zCP3AU9WmmQg%3D%3D%7Ctkp%3ABk9SR4qb7_e_Zg
Smartphone Samsung Galaxy A17 4G/5G 128GB Desbloqueado Android Nuevo Caja SelladaSe abre en una ventana nueva,USD170.51,https://www.ebay.com/itm/376561707185?_skw=telefono&itmmeta=01K7ZQVSMRKV7DX847FFHZV4YG&hash=item57acd3a8b1:g:4XUAAeSwzc5ozaYP&itmprp=enc%3AAQAKAAAAwFkggFvd1GGDu0w3yXCmi1e%2Ff3keXoeR1hbh2xUmltl6x3P0kU7EH4nSUPhPZU0N%2BOg07DuBkyozy65GY6hsodDrGToT7uva8QsyWmo83b7G%2FnvE0uNhM9rXMAoqySZaRI9rrKMICuZHSGFmXw9%2BWAVauGv7F2XxGOV7n5DzBPrEHdw%2BRqs%2FQ7F4K%2BbUVjClus0NSwKboWCIv3paYyZoMFGwLvpQNGpI%2BG%2BtEPZN4m8N7X6sbNlI45hAEZGSpzmJPg%3D%3D%7Ctkp%3ABk9SR4qb7_e_Zg
BlackBerry Classic Q20 3 Colores 16GB 4G LTE Desbloqueado Qwerty Teclado TeléfonoSe abre en una ventana nueva,USD85.99,https://www.ebay.com/itm/187483958560?_skw=telefono&itmmeta=01K7ZQVSMSHV10DMWEXS7C840X&hash=item2ba6ea2d20:g:rg4AAeSwwAlom2W-&itmprp=enc%3AAQAKAAAAwFkggFvd1GGDu0w3yXCmi1edAmF%2BEkfEkXT7YR96F6XkiN5LHPT62%2FI8MaAmuSldycYaAUytnFwFevHArrVl77leLYjWAcFivgkv6g1S8zfWXQ8YyMz53msoyugpGvDPN0rrPjul5YXfY7HVxB112Wl2yHODEIILJ8eIuSh9%2BP5SB0CTc4GwJUkAQTeaY3MlD87gFBcUBl7tXO%2ByC1YYhMW8u8nwDjDu2gCXCjz8a3LR6tkFe9tylhE%2BhNoGZz7JfA%3D%3D%7Ctkp%3ABk9SR4qb7_e_Zg
"Teléfono para juegos Asus ROG 5 128 GB 12 GB de RAM desbloqueado 5G 6,78"" funcionando completamenteSe abre en una ventana nueva",USD178.99,https://www.ebay.com/itm/127133517056?_skw=telefono&itmmeta=01K7ZQVSMSTGRA7CV6V8K41E27&hash=item1d99bf8500:g:RR0AAOSwgupoMmu~&itmprp=enc%3AAQAKAAAAwFkggFvd1GGDu0w3yXCmi1eVkeJb8OFXORvYXJIyhMfW1UU%2BoNaImBgCfQOBBfdlJW3IQeUIufM0bz9b2VMVHpp%2FFi3HmlFOhiE6rZE0r88XApQScjX8aAjgQ25GrdZwvUoTQa2uZWJo7VgFOYCz9In4gHw2nXwMjIk%2FkCAaYrleVVymxcIzVsBekDGo0W13%2FRYfzKqrAEHLZepoagPDsUtBFMStCNSu0eyoAF%2BhKVsFcotAiRQIc2bjaRtSR6%2FtYw%3D%3D%7Ctkp%3ABk9SR4qb7_e_Zg
Tecno Pova Slim 5G Desbloqueado de fábrica Doble SIM 8 GB RAM 128 GB ROM - SIN TARIFA A EE. UU.Se abre en una ventana nueva,USD238.41,https://www.ebay.com/itm/177389629049?_skw=telefono&itmmeta=01K7ZQVSMSQHVTCA13G3V6EHAY&hash=item294d3eee79:g:3sEAAeSwKntoun~~&itmprp=enc%3AAQAKAAAAwFkggFvd1GGDu0w3yXCmi1c%2F3f7cICTIhN4gN647fleyJi53Y9zKSuzR9mOVDBFKBq4WjxSC8sZ3ySeIAnCLeFOzjkNQbdMXnhhclxoTtDiD92HW%2BVJLOgWOPJ1WvfTtxlpnPKHbXsXKwZgvP%2FNq6juV1YI6uQHB5mNjz%2BFIezVTTaRCsdq%2FHeTpmyMhHR8YyrLK8Hi1bRokg4q1SI42jqEJuwDmhGK0aq8UrTaPQlYNdNKzuJC%2BhzHzsGiKsyRtNg%3D%3D%7Ctkp%3ABk9SR4qb7_e_Zg
Original BUENO Teléfono Móvil Apple iPhone 5C 8GB 16GB 32GB Desbloqueado 4G TODOS los ColoresSe abre en una ventana nueva,USD30.00,https://www.ebay.com/itm/396338576547?_skw=telefono&epid=168494334&itmmeta=01K7ZQVSMS3NG9VYEC3AVXPRB6&hash=item5c479ebca3:g:mwMAAOSwgVpn28Kt&itmprp=enc%3AAQAKAAAAwFkggFvd1GGDu0w3yXCmi1fuOI3uQ65kycFVNLlr%2Bqp8BOQ18RzYARneRyrlg2xqtdVXfjlQH6hjtoPe9xEr15rYr7Koq947iLuGyqS7ea8KfRDVn%2FmMlHJaAR6CUEhY4dkOFFGuS2lH7Zs988cIVJ53uae7f4Wc6jeUj5lpkC4UxK3oVE%2Bf%2B%2BQ1iqMzZFJ7tcY6r1suIfxan98%2FfVjePOZ%2B248Eb%2Bd6K%2B0fg4KfLrH58SKI4lYt7389nBtJGofuxw%3D%3D%7Ctkp%3ABk9SR4qb7_e_Zg
"Teléfono Móvil Solana Seeker - Sellado Nuevo - 128GB/6.36"" - EE. UU. Envío RápidoSe abre en una ventana nueva",USD199.00,https://www.ebay.com/itm/286884526803?_skw=telefono&itmmeta=01K7ZQVSMSZMYTEDYD2DJHNKTH&hash=item42cba67ad3:g:TzIAAeSwBcNo7k6o&itmprp=enc%3AAQAKAAAA4FkggFvd1GGDu0w3yXCmi1eIIo1EPbJ8n5LFvTy4ocDGE7U8LSZ8kU9ZyYhUElfz326ptrqRToB8KHqaG0wFbq%2Fl6hl0BTBkJQQ8d2WGuxuAN1K9i6zfgqkdEosN6mBmO7fXf8eGtGYN0Ey1pFHsT71h5sXclSJdvvSqvlzVVhgaMecwBSiyeFsJm3VmDfweyhvLwuRv%2BurSWhgWpC23TrOKS3K9dTQ344kX8L700BU99Pa7nGXnBt1sKOwXB7d9SCGZt%2FW64prn2CPEwQ4i33YvkSFg7uYWN2dZPG1FEEJd%7Ctkp%3ABFBMipvv979m
"Samsung Galaxy A54 5G 128GB SM-A546 50 MP (SIM+eSIM) T-Mobile, AT&, DesbloqueadoSe abre en una ventana nueva",USD149.99,https://www.ebay.com/itm/275926762447?_skw=telefono&epid=2336049930&itmmeta=01K7ZQVSMSTJPZ6F6H5SRRD63C&hash=item403e8443cf:g:TXIAAOSw-0pmJ0S1&itmprp=enc%3AAQAKAAAA4FkggFvd1GGDu0w3yXCmi1cnPA6ykaKVZO6HyupIDlk%2F5yj%2FZ8jkUGcBqGzKwJWHifkcVLedAxiN8dN85uo89PcMzgUdidGF%2Brj90oWIedgaufW%2BDz89Z0YTGkqc0XojJRF5xKEKckCwvzMyC4GjVmoERr57crM0rOqCox4d8RH7W2pKUSXeuACDeLbi6bGtv0ObwpG93OyDksn073yENEYKex6SqZN00UVpts4AOjekQ7VyZ7P%2BF8l3X0bQADyITliN0vHuhtn23J%2B0ajc08dqB%2BksMPp68cgfc9Tvq0tWR%7Ctkp%3ABFBMipvv979m
Smartphone Android Desbloqueado 7.3 pulgadas 22GB/1TBRAM Teléfono Doble SIMSe abre en una ventana nueva,USD80.56,https://www.ebay.com/itm/389113410395?_skw=telefono&itmmeta=01K7ZQVSMSK238K9D2VEJZ1MRE&hash=item5a98f7735b:g:UVAAAeSwSWlo4XI3&itmprp=enc%3AAQAKAAAA4FkggFvd1GGDu0w3yXCmi1doGyu8kPeChfp%2B6UYxRjZaaEJ6KGPnZ8MrWcDIJE2ZXMLXRAOm8T5p1Amh1cGgUQmzZrlL685QE7zrsfIA2S6tz2U1MctOrRHsi861REv6mkbpZB0vEXtkBLUqSv%2BAVIgrjspzmUN5%2FPWgChSREFz2nbT6G0NdrvbTzWRL9lto3jok9e5sU%2FPgRhpsWmRmWNF51s2lnvc%2BtZNmMUA8PQ%2B5bO2Pk6Cb3jQ%2FP5njBqQCZuvnGTufxwZn%2BQG1eq0mL8tHZjxN00uAVGmDTsMu%2B8bj%7Ctkp%3ABFBMipvv979m
"BLU C5L MAX (Desbloqueado) Negro 16GB 2GB RAM 5.7"" Quad-Core C0175WWBLA AndroidSe abre en una ventana nueva",USD34.99,https://www.ebay.com/itm/187600783379?_skw=telefono&itmmeta=01K7ZQVSMSX1Q0MYSQ18BJXPX9&hash=item2bade0c813:g:ENkAAeSw9NpooPNp&itmprp=enc%3AAQAKAAAA4FkggFvd1GGDu0w3yXCmi1ebqzqk7KJSCJ4IWO7eXDP%2B1VGFmtXq23nn9lG504Kel8%2FdNH31BxL6t%2BHHuiOEY94xW7TNCgdGBfVKUwiCvZLCz7eyFViDEUATr5JF3YRya2RjfjrSMqebXPItMwiundS%2BTnfF61AX9HxxWbgfw3VRerZHK%2FG%2FQlEwhff6tPiwi78yhYkT8jSQPsqo5oelQXcskB8ShnZToZ2PLnmnKckLJ0ySfAYbrxs8LDPE%2F6fPW1HrK5vyoDrfZOLxVGtHchc2kpxOQTTqLT0r9swaiel7%7Ctkp%3ABFBMipvv979m
(Nuevo) Teléfono Celular Honor 400 Lite 5G GRIS 12GB+256GB Doble SIM Desbloqueado AndroidSe abre en una ventana nueva,USD375.00,https://www.ebay.com/itm/226717068857?_skw=telefono&itmmeta=01K7ZQVSMSK6VMJYK3N8TTHSZZ&hash=item34c963ee39:g:e-MAAOSwhfloCIbL&itmprp=enc%3AAQAKAAAAwFkggFvd1GGDu0w3yXCmi1c%2Fg%2FhR9Byc8552sAuxCocrfb7CeaAz%2Fy%2FYYQCBqDVtTabJ%2BzOwgO9FexDBfHChN6LLYZwKd79QaD2DgYdo7qFAZYTKdyTNqTaMcV1BbAKtbNlwnQYTQw6qkAg5E69dRKG1P6tLDFTAEH5BbzZIlh6gkbVwzq6vgJvwyYwj0mlto66z8yxoKEEm3Pm2BwJS8Yj9YYoy5H53hWcG5Oybiy1BUlXzCU9CaOxBc1POkYIvMw%3D%3D%7Ctkp%3ABk9SR4qb7_e_Zg
MOTOROLA G86 Power 5G Desbloqueado de fábrica Doble SIM 8 GB RAM 128 GB Almacenamiento-HechizadoSe abre en una ventana nueva,USD229.00,https://www.ebay.com/itm/177321186933?_skw=telefono&itmmeta=01K7ZQVSMS4DXAY3KBSS31284A&hash=item29492a9675:g:78UAAeSw1ClolJUq&itmprp=enc%3AAQAKAAAAwFkggFvd1GGDu0w3yXCmi1eOa780HSVHdzAz1kxA6kp%2Ft96p2bxQMSDDXoCN2OE9KCu9XNo4V%2BhbaT4jk3Sq1Z1Il69k%2B5CZ%2FZKonNQqwpqDi%2FQ3iXDxw5pjItSO9yb3Hf2o0t2iSRwtXijEgvFgsYD7Wk7quZHCAr37HlX%2Bngo9UnQfg3cJg1K2y4AKIsxfXSNZNA0yqcNC6NiJQwHdAl9E8ri8XcbCmKfqBOD%2BgUZszgQeUCneKCMTuwiGzpRnyg%3D%3D%7Ctkp%3ABk9SR4qb7_e_Zg
Teléfono Móvil Abatible Edición Limitada Motorola Razr V3i DOLCE GABBNNA DesbloqueadoSe abre en una ventana nueva,USD40.68,https://www.ebay.com/itm/286363815054?_skw=telefono&itmmeta=01K7ZQVSMS6Z4NZYJ9DQW6X37W&hash=item42ac9d0c8e:g:sVwAAOSwH8hkaKXB&itmprp=enc%3AAQAKAAAA4FkggFvd1GGDu0w3yXCmi1dImGjIlErNmK9IjxHGL7IqHyIYYdKtmrzLAaxLUXENV8lGDzPejKYq5UHKVcOfgfzpZ7QNxmaww4cdYGnWVngn%2FOum7mx4DFuZxhXs4JWirVa7nDFe9iyfJxp9PKR3cdfsHOxkxiF7iYSPzybDBM5KHJi7TNcq3BF0zcqvZFEJA3V3QFgvMP3p3VUCUHO%2BupXQqdIKJcTDRlYGaMg%2BFvkGmPH9IpspDWuPucXiGNohEroRDL2sWVGtiYnbyJws8V5d0LaPaQvvlQOT98raSHPn%7Ctkp%3ABk9SR4qb7_e_Zg
"90%N ew Funcionando Apple iPhone 4/4s Blanco/Negro 8/16/32GB DESBLOQUEADO Clásico 3.5""""Se abre en una ventana nueva",USD27.89,https://www.ebay.com/itm/126433832232?_skw=telefono&epid=240455239&itmmeta=01K7ZQVSMSA115K6ZJ9A1QCS44&hash=item1d700b2d28:g:CVsAAOSwVSFmHkfD&itmprp=enc%3AAQAKAAAAwFkggFvd1GGDu0w3yXCmi1eJ81RFLSo4VVybHyFEkZ6k8C7lPs%2Bo1%2Bitqj%2FzzU91OaU4GdbE3yiLggeEaZpCGptQgBlYsJkPTaAtcpE%2F0ZUpTRTo9nQsJ9hySmMwcxocjvVQZaevhCH7jAg%2F6yE%2BC4IOMJzis08s3AydivjtCoOerRpSG9PdMdTqyKOBvPuoX1sTcn84UELJXtawhLTFOTmHTSQI6gUncGHRox23ms%2B%2FLSOH9fTyVtSgtBexDHFM0A%3D%3D%7Ctkp%3ABk9SR4qb7_e_Zg
95% Nuevo Apple iPhone 4/4s 8/16/32/64GB Completamente DESBLOQUEADO Negro/Blanco Múltiples iOSSe abre en una ventana nueva,USD27.00,https://www.ebay.com/itm/405955683450?_skw=telefono&epid=240189434&itmmeta=01K7ZQVSMSDHE4C21D2K5RZQZG&hash=item5e84d8247a:g:wpAAAOSwWrxoSWTv&itmprp=enc%3AAQAKAAAA4FkggFvd1GGDu0w3yXCmi1dOYhS2Be8wtow%2F9vKktn06iF3dLbCD9WwunlkFTIAOZ816m38zhCIqVn09qSVvUs1PlNGDQ%2FtxaJSmNIZsaoHt%2BNO1CCRmtb7o9lkb6vHYRkO0Wvgop3fYAPoDTrREJf5IgPEwZTG0rhq98SKCUHAGeKMMpcS0LZ3vX772xjc0hvfjNfMDOErCCmHpXjEhcT7grkQIG%2Bha%2BdNBDty4czGlg0N%2BXhYXg5ItI8dwTgT86aiqO9BLUALlGNZUDkdMKMAVdV1%2BD5%2Bph5J1pWTrHJV5%7Ctkp%3ABk9SR4yb7_e_Zg
Carpeta Estilo ALT MIVE AT-M120 Negro/Blanco 32GB ROM 4G LTE WIFI Teléfono AndroidSe abre en una ventana nueva,USD113.73,https://www.ebay.com/itm/187524151088?_skw=telefono&itmmeta=01K7ZQVSMS9PCFE6XDBB6E6GQD&hash=item2ba94f7730:g:QrIAAOSwJwZn2PPw&itmprp=enc%3AAQAKAAAAwFkggFvd1GGDu0w3yXCmi1drttwATZ8DqwnTmbAxkxyhpArFQCbcjm6hXf%2F5rxsRAnjQKjIpnHvz8Oe5HwjSnxxJmv2M%2F6gnRj%2F1Eh8Q7zpyFXhwEkb1uviEQmwMfel%2Fj71F%2BJWZIHUG63zrs5dkYmPKG60syCLAdmU0p%2FWjPGusDGukKTY03GSeEWj4EyggZWhBLlSHpNrPDUs0pzRjzO2JnGXn%2FKr8Gy8y0vNruBvxaT%2FCUPJFFeiH1egHTaNzZw%3D%3D%7Ctkp%3ABk9SR4yb7_e_Zg
Teléfono Móvil Oficial HMD Barbie Rosa Abatible. Desbloqueado NUEVOSe abre en una ventana nueva,USD56.35,https://www.ebay.com/itm/127205911002?_skw=telefono&itmmeta=01K7ZQVSMS0V0W4XBEH8WF4EMT&hash=item1d9e1029da:g:JFAAAOSw8gdm1tP7&itmprp=enc%3AAQAKAAAA4FkggFvd1GGDu0w3yXCmi1c5xhTlGVTyJmnCIYlSNf1xVlaUvneAUf4RieEQu4Id1dJq70Dv%2BbzfC5mSS9nZIvwvhWPB97aaNaZUnTp4eDZBFx1QMSoQH3ZZez516noyESNOPlAQCuB2cd1YjjT8dK9TY9WQ8VXXQ8UEDUtB0CZMLtqz3eVR8kQUAuWSNHX2w6HvU0I2WWvQhWnA9K%2BjwXlCC9qteufJR47AUAQHNNw2aqKPN190wKgWUxEXZtgg3BDhWu%2FoRIBn6r8Z5ysaz%2BiXmvcreEM38s%2BeaQJJFoXg%7Ctkp%3ABFBMjJvv979m
"Teléfono celular 14 Android desbloqueado (púrpura) 6 GB + 256 GB 6,8 pulgadasSe abre en una ventana nueva",USD99.00,https://www.ebay.com/itm/267076894239?_skw=telefono&itmmeta=01K7ZQVSMSPAKNEH1RHAQRDBQJ&hash=item3e2f05fe1f:g:1j8AAOSwZA1nRQU8&itmprp=enc%3AAQAKAAAA4FkggFvd1GGDu0w3yXCmi1eH4hleFQhQ6nPAEw55dXHA8xUNiUcINDdfVwacH%2BytXqj6aD7si%2BgEXDXvswjdR6pv0Bva%2BQ%2BDAAvCMI3rqsbkim2eq0ioh1TdodBXSalJNHrv8Mm7l2v80gX%2FAg0HShMITbnCOjQ9KBYUfqBktjPpCy9DmyO%2B4eVCnELNHBuNt4sLt6UQdo1BiJMiHNXhqGNowhDf06WH8ZlW8hHE6ndNz2KsVnARFPHGgLfSGqYzXMCBTqAXho%2BEA%2BJJ%2FnJe6peKCeAkSmsquuSrtUoojIx8%7Ctkp%3ABFBMjJvv979m
"Teléfono inteligente Samsung Galaxy A36 5G 6.7"" 256GB 128GB desbloqueado doble SIM selladoSe abre en una ventana nueva",USD280.62,https://www.ebay.com/itm/376212383719?_skw=telefono&itmmeta=01K7ZQVSMSFRWTJBSW3PHG90AP&hash=item57980167e7:g:gCIAAOSwFx5oEqss&itmprp=enc%3AAQAKAAAAwFkggFvd1GGDu0w3yXCmi1ciYCHqRiOUlSDQVw1Pc0gCNS2%2FtR%2BaFVs6Y31krsREeWdn0aka9mwruj8geEe9vGfGvwsNUTWkf9F3w3FTFA%2BrqpUNYQ7Vdpxh6hAD06W20ybGkVZb4u5SJA8%2BYm%2FcO2EN%2BwLwoBm9Cps1PDVB2y3e0yBzOB05KMeSwWfvrN9bnVA5%2FwF%2FTRViJjhQBMTkp%2FCTG8X%2Bz%2FalFeQSRP792dJa8NXehIg0yp5VFosRGYShtg%3D%3D%7Ctkp%3ABk9SR4yb7_e_Zg
celularSe abre en una ventana nueva,USD0.01,https://www.ebay.com/itm/357746349339?_skw=telefono&itmmeta=01K7ZQVSMSC26GERRCS4JYQ2SE&hash=item534b58151b:g:OssAAeSwZp9o7WNc&itmprp=enc%3AAQAKAAAA4FkggFvd1GGDu0w3yXCmi1dIbWoZ59nOBnGQMkYcJaq24H2O8ir5iNM4%2B5uY8u5wNlWUxc6TC8pABUo7tT47aEUwszbtVI3An3svYZpLzavBj%2BMiImDTe%2FIsyUrMggUaDjxmfqDsR2pgRCzoOupICjC%2B%2BpKnGLk76cQLTttRXOTx3VQNP%2F6MDMqiN47CU9gR8jwEUbE%2BnbjafVQsiRVdnSUEdCtCpDJFJfas1lpX3hnhIsBqK4GPCwmYwUBmO1kenEMtk2rd%2FLE8mG%2FCnHO95pfrWVFp7kZNHSaEFqCB%2Bztk%7Ctkp%3ABk9SR4yb7_e_Zg
Smartphone Samsung Galaxy S20 FE 5G 128GB 6GB RAM Desbloqueado Android-Prístino A++Se abre en una ventana nueva,USD185.16,https://www.ebay.com/itm/297555061482?_skw=telefono&itmmeta=01K7ZQVSMSV69M3P9WP6YV0669&hash=item4547a9eaea:g:xVcAAeSwx1xopk8Y&itmprp=enc%3AAQAKAAAA4FkggFvd1GGDu0w3yXCmi1canmBw9YDaAz8dyh0daLfCtQyLAXej6rIb%2FAn6aU64zSgnd%2BgxBcsQIFcyfbib6MkD8QzhzKqzgBQRfg9ccXJNJ066nz3XZRsqQOSUZCkGrhEh%2ByuXT1e3HhY2uvrvRjOKo1db0IJxoeGHNAsOmNI72%2BFRyVduHdTWcRTv%2FX32zMzyjWikAdq4viE%2B%2BHt7VT50xFA83iWy0o%2F5vBZtCqGZ7Ajcd3VH7n5Y9BkUQFx24zVAoK1ZOuXJqWfTq26Lxu0q5GZVODy%2FS1fLf%2Bz1RvNm%7Ctkp%3ABk9SR4yb7_e_Zg
Teléfono Celular HONOR X9d 5G 12GB+256GB MARRÓN Doble SIM Octa Núcleo Desbloqueado AndroidSe abre en una ventana nueva,USD485.00,https://www.ebay.com/itm/227017361016?_skw=telefono&itmmeta=01K7ZQVSMSBHJ4BYGK5GACMN0C&hash=item34db4a0678:g:3y8AAeSwihFo6LJc&itmprp=enc%3AAQAKAAAA4FkggFvd1GGDu0w3yXCmi1dqHWNQq6rlOqCv0t3uo6WKPn81KvkDBuHBVyvZCt0Kzcwze37HrskushsAIS23ri7UNW9egO4SQaWVJ3Lb%2FAmSNQHAwG23ZKXL4wTlxGlFBJPW1GItEdEj0jMygx6vSoPIXNaU4QwZGe2XiUombTYXn8itcHVvUeuP%2BS6usa4ZcYfPBbSyP0HzKcXastFlCm7Udd7Q3jxrqfMf39o7AUjxItIKhC8xTzpD852QZgvdZgFAclWUCm3S7NmQLQAHkZgdrQ1JefVPokgxYZBiIrGb%7Ctkp%3ABk9SR4yb7_e_Zg
Desbloqueado Motorola RAZR V3 Desbloqueado Abatible GSM Bluetooth MP4 Video Teléfono MóvilSe abre en una ventana nueva,USD37.39,https://www.ebay.com/itm/286363884015?_skw=telefono&itmmeta=01K7ZQVSMS65NVSVQRXREJHNP8&hash=item42ac9e19ef:g:ewAAAOSwXgVnvwbu&itmprp=enc%3AAQAKAAAA4FkggFvd1GGDu0w3yXCmi1eMvj1I6tka5Qp6rNU7GNqX%2FW6u3ZyLB9eA95CzIZy6OziOYwm3jSjsj6Zt%2BhSroXaKI5qW3nFNmWzHPIpsaAI%2FXxg1c9ch0i3Y2BT0xH8iC8CINbSO8BkalQplXN%2BIlxDNjmu64J5aoin22g8SoOTQQsptf7WiLuBzZo3I4CqCBaVqMKjhyR6CE7culpmCwOe3l5H20p1Tc0jDWfzQTqH7jjDMaA6tXCa%2FDvnXlIFBhxD%2Ba4gJ7m%2BWoVo4ObW09dAJVOfnW%2Fy%2FlK5hqr8fr7sI%7Ctkp%3ABk9SR4yb7_e_Zg
Smartphone Samsung Galaxy A53 5G SM-A536U 128GB+6GB 64MP Desbloqueado Nuevo SELLADOSe abre en una ventana nueva,USD186.18,https://www.ebay.com/itm/388982242874?_skw=telefono&itmmeta=01K7ZQVSMSGZP6TC02AVV3M58Z&hash=item5a9125fe3a:g:6gYAAOSwVzBkqiY9&itmprp=enc%3AAQAKAAAAwFkggFvd1GGDu0w3yXCmi1ctR0WfOML3T4WfeLI31%2F2wEWAaBUKHMDIVHaxpKBD8tOQTJvryCNsTTQCmBwLnOsizEc9TcODgKKUZyw3kDO2yQBRJ8vGvzel%2FaJQB2NWWPwuA3JeHAUR8oJvWiJjmYJ2aqcrzf%2FA7kM%2BosYImNSYxsHtsCIKYUVm3J5Z6egAFaorftdBgvQWzb7o4zcQKwLA6ok%2F5bkHWBZNyEiuld%2BLoq3FsJdr3mPfbkRqelvlccQ%3D%3D%7Ctkp%3ABk9SR4yb7_e_Zg
Qin F22 - Negro - Mini teléfono híbrido Android - Playstore - Sin cámara - 32 GBSe abre en una ventana nueva,USD110.16,https://www.ebay.com/itm/297281963321?_skw=telefono&itmmeta=01K7ZQVSMS5N3E2D5JEYRA6WTJ&hash=item453762c539:g:GKAAAOSw6PdoGghF&itmprp=enc%3AAQAKAAAAwFkggFvd1GGDu0w3yXCmi1e9OLVtVsLud6GYv9UrEnf3Q8Un9zU5qYewbIYr5qT9IXDFNS3Pmt9d6QH%2BuC9hsEOAX0l2sgxtgiHshH5huvCiLeJTtio3WUFATY6cGxdVGAb1rX9Vdrb2QnihqoXknvhw99Pg7wKEvTAmMMtBBd8pEufPkZ%2Bs00J9oo8G9O%2FJCfNor5G1n6bou6NkwWGL%2Bvxdp8C6IQijt81ERKBmLVZrMT8uTcWUO%2BuxP98Ai48RDg%3D%3D%7Ctkp%3ABk9SR4yb7_e_Zg
Wiko T3 4GB/128GB Dorado Doble SIM Desbloqueado 48MP Triple Cámara Completa Android MóvilSe abre en una ventana nueva,USD73.84,https://www.ebay.com/itm/355265236434?_skw=telefono&itmmeta=01K7ZQVSMSR5H9M8D3R9Q61PPC&hash=item52b7754dd2:g:O~4AAOSwDcNlcIdy&itmprp=enc%3AAQAKAAAA4FkggFvd1GGDu0w3yXCmi1cavm3y1Nuc0zSMlpEdbKW9mMuvRQCSw08NgZfg4iKE93ALT3IGud1eFgOBiCxU9AppT0WS%2BJEOMXZ2ljLPRUAV%2FP%2BffNBUc8q9axuxQWt3RQCBOuMzpL%2BO%2FqXOhwYBWoQW4MabeGdup%2FgEWgZf9nmbo%2BxVCNHvHNCGB4vFLv%2Bkv9erzNwzcp9hDB72w8B1%2F50vIXqp8oWnG8cSZRu--03Lvpa4emPTV1g1ehCBFS%2FUfy9Ndaa35xvsfny6hKXlcw1uIjKN%2FtEyFADYftllaiyK%7Ctkp%3ABk9SR4yb7_e_Zg
QIN F21 Pro unlocked smart button small mobile phone touch screen 3GB+32GBSe abre en una ventana nueva,USD130.00,https://www.ebay.com/itm/314877456429?_skw=telefono&itmmeta=01K7ZQVSMS4BXMBW54901H0PZB&hash=item495028b02d:g:6IYAAOSwjcplQarK&itmprp=enc%3AAQAKAAAA4FkggFvd1GGDu0w3yXCmi1d0OoYLYMHDhFKISIwJeB3GymVNSsNpw8c04%2Bp7FySUGpPemQUmuL9DmhAL%2Bcdbd43R2sI51qI%2BQntmrC%2BZMuSdUgdkXa3DxdZ84j3HpkevnjtC%2Bw9vW0yU2y8MqL5oCmDHHgA7DyKHcgxU1Zv6F%2BIBLyiKICcXJV5i3BYypmxTj0QVM8zeZ97Wqw84%2BtGpzq8NKVLxCtoW0CKlbDg9elpd9gUBGYhfyn51YcfB6CjyfYWwxhJNwJsxAPIBGeTfAyhE8I6Pr3A1Lr2qGw54qS9n%7Ctkp%3ABk9SR4yb7_e_Zg
NUEVO Samsung Galaxy A03/A04/A13/A14/A22/A24/A34/A54 128 GB Doble SIM Teléfono AndroidSe abre en una ventana nueva,USD114.12,https://www.ebay.com/itm/195955367315?_skw=telefono&epid=14064041812&itmmeta=01K7ZQVSMTQMMV7K16630P7RZY&hash=item2d9fd99d93:g:nNoAAOSwE3dl8cmt&itmprp=enc%3AAQAKAAAAwFkggFvd1GGDu0w3yXCmi1cDmleLh6y0%2BkgRTUV9LN7TjTtDOByzOCUkbIuqXFm8FX%2Bgh1UuLv0gMM6WdfKDXLCF9KA3k%2FOXL7OiTgjLzVrX7TN0LmpdMOhgdP9IGJyNJxHKpLBSioo9ZwcbSmS%2BA8Du7JBgnYbKxLxj22QOWrxCfBoJ9Z%2BR2JwS5EGDEPFcD%2FVPdkwSNBWvNY6tHsLTG0%2BCPntM8mgwxQs3EhnK6FHe0SeStphsL9kTnSOtGVAP6Q%3D%3D%7Ctkp%3ABk9SR4yb7_e_Zg
Nuevo Teléfono Inteligente Samsung Galaxy A06 64GB 4G 2024 Doble Sim Desbloqueado AndroidSe abre en una ventana nueva,USD91.24,https://www.ebay.com/itm/196744680205?_skw=telefono&itmmeta=01K7ZQVSMTDVXTFW2MGK3YS7TQ&hash=item2dcee5930d:g:Y7sAAOSwwdJnbTuG&itmprp=enc%3AAQAKAAAA4FkggFvd1GGDu0w3yXCmi1fJJPo0hZsPjVN3MY0A8vSjyHrwTv7Jo3S9p4mbtpe1iFeUpeP%2FlMPSUZu2dUr3D2wXpXxmPJ8gaSLWdNeAl9VHwrObyE%2Ffne1o1Z3EZMDahtGZrOaY2wyfHkXfo8az7JHmWBB5gTxYJ4BbISlvLDdYzl2CErgZTrVsg0vvh8NORZ6T%2BpLiQ3jDyo1SGW%2FBJw34tE%2F4xZss3L61e9uv1V%2BXLH1FRTh%2FiH12NoEUzJ2es%2Fw78AhEas%2BUmteRVL6Vh1l%2BolTT6yoP9hyGhJpKz4rj%7Ctkp%3ABk9SR4yb7_e_Zg
Teléfono inteligente A++BlackBerry Classic Q20 - 2+16 GB - (Desbloqueado) todo color 4GSe abre en una ventana nueva,USD89.00,https://www.ebay.com/itm/397067773230?_skw=telefono&itmmeta=01K7ZQVSMTHVNS1PK08MT0PSGS&hash=item5c7315652e:g:EVEAAOSwunJoCwYw&itmprp=enc%3AAQAKAAAAwFkggFvd1GGDu0w3yXCmi1eRWap8nXaHOqHDjyQd5aUrKRLVnHHReJ1u1seAmwXPX5XW%2FYxcQjtLqWAzKegbOcOHywhdiGB9hIE35q40cqZ%2FVFIwTI%2BNQZ0ZqgVtl3kBIcJ4rQYT7ASE48vyC8HsRCdDEnv%2BEF2j1twumZ46jyy2Xx2W8J2eUqyYOMY6g4bicMqYwrEjG7haMH3DiJN93UzooYUPGpiVt9QO9V2gQpUJULnr%2BTr6OjZT1oth%2BuGflg%3D%3D%7Ctkp%3ABk9SR46b7_e_Zg
Teléfono global Huawei P40 lite 8GB+128GB (Desbloqueado) 4G Doble SIM Google AndroidSe abre en una ventana nueva,USD92.65,https://www.ebay.com/itm/317059157612?_skw=telefono&epid=26037632559&itmmeta=01K7ZQVSMTF2ZSKA69HHXDG9T9&hash=item49d232ce6c:g:ZpAAAOSw1ghnJvPB&itmprp=enc%3AAQAKAAAA4FkggFvd1GGDu0w3yXCmi1dTUg%2BTSjFUc2HlOKeMcrV2403DpoY2THUWJNO8BqukuJPrxJXEjpIq%2F2rd01FN1EVSL%2FLSTibTYJNuU%2B1iFB3%2FKGsG5SlNB%2B0XlblPAt3btbDRnGQbyodr%2FE71rgBvM7AnAuG7GcL7RQkm6wzsQAkdG6qtpyS%2F3Q%2BgDivoLKqBU6IicD8e7xIm5GGdA%2F7NloevcvplMar4jqUpU9v6rSAiTEpdyYBUah63mFAQdQ8TJavbENLc7qceexqAjfWxKLSrwf7%2Fs%2B15R1euf9jRncNG%7Ctkp%3ABk9SR46b7_e_Zg
Nuevo Teléfono Inteligente Samsung Galaxy A56 5G 128GB/256GB 8GB Ram Desbloqueado Android 2025Se abre en una ventana nueva,USD367.90,https://www.ebay.com/itm/376128993442?_skw=telefono&itmmeta=01K7ZQVSMTWHSDVE17N16CKEE3&hash=item579308f8a2:g:lAgAAOSwC39n7tV4&itmprp=enc%3AAQAKAAAA4FkggFvd1GGDu0w3yXCmi1fIbNWcuaYppLhDdWJ6UI5pWv2Qh9cu0Nvaa8N6a0l5G1MgDkSEo%2BuvhQZ7LuLlU3ADF5Gyn6bUX%2B1gzLPwLPhsooaiaSNlw7wkheFgDwjUfm2dX4VqzLBrieEcKKl5nc420lo37b61eBVEWFMa8p9R%2Fk3nph%2B4Rktv07WalbrNKunv0LbtXYYJmG4GS%2B8urTmgZHtgyQ%2BxMdqTRk3PpivHgcV9XjEzNw59my30ceVtKmTkYJRHLwdZEZnnKIBEGQ0je5AivhD4%2FAAYSpMly%2F4I%7Ctkp%3ABk9SR46b7_e_Zg
Lo último Samsung Galaxy A15 5G 128 GB SM-A156U azul negro (portador desbloqueado) -Se abre en una ventana nueva,USD114.98,https://www.ebay.com/itm/156246727997?_skw=telefono&epid=28071476588&itmmeta=01K7ZQVSMTDBGHEH92WK9NSKD8&hash=item246107dd3d:g:sIgAAOSwmFRmY4Zs&itmprp=enc%3AAQAKAAAAwFkggFvd1GGDu0w3yXCmi1cg4RVbFColhSP1JW3afC0n2DLNkla9lmqg0fPqr6y2VPLMWrTe5%2BrMv0ck0mi9QnT%2FJBUaduz1ZXdzmaSS0gkxTYDw8fgfKhD2AsXGnUEMj2uDHFqJaDgDr1eQpVbxWSsKuRRDz%2FSzU%2BMGGYWBb%2FblRKc0FGWKaAZIlTUdLXU3ZBhIlodt9DZzPdonpqHEWyGDR7aJNOqFus8VsOGXgc5cRA5RQchalghe8%2FEJZ%2FbyPw%3D%3D%7Ctkp%3ABk9SR46b7_e_Zg
Samsung Galaxy S9 S9+ Desbloqueado G960F G960U G965F G965U 64G Android GlobalSe abre en una ventana nueva,USD91.00,https://www.ebay.com/itm/127202713482?_skw=telefono&itmmeta=01K7ZQVSMTSR81PJ6V5G41SY1A&hash=item1d9ddf5f8a:g:h00AAeSwlfFovoQq&itmprp=enc%3AAQAKAAAAwFkggFvd1GGDu0w3yXCmi1eQb1VSXtOfOgVgKUxQhA51pQPzDRE9oepuZ6VTBle7ziANoqjsWWI10J3ZdRJmBGyDxH09na5KosMbXuvWCGwppPXOx8P5NYGkWzzLu7vD8q5ZDkr4jBrVh%2FFSTBpSP7O49uMrj%2F8EYhgDiqZtjyTDk097TRxwc7uqZxqJDKCNOKghTYHuN6lQJL%2F3v1v9g%2FsR6l3a7ghLdkxnnD5YxPCHLS5wpC1Ie%2BUeCysuBdXEvA%3D%3D%7Ctkp%3ABk9SR46b7_e_Zg
"¡NUEVO! Motorola Moto G Stylus 2025 6.7"" OLED 120 Hz XT2517-3 8GB RAM 128GB CricketSe abre en una ventana nueva",USD129.99,https://www.ebay.com/itm/146814751145?_skw=telefono&epid=15060829670&itmmeta=01K7ZQVSMTAA074K7T3NVZ55DJ&hash=item222ed751a9:g:rrQAAeSw7IloqKV0&itmprp=enc%3AAQAKAAAAwFkggFvd1GGDu0w3yXCmi1fKZLI4znPif4HS5ZOU3nzr7GZvdrfCrVTVHke7BjrCpMZ%2BnSJoq33yPGpv0z7S1ubLoWh4By8Il%2Bm72l2sr3dz2Bn11Bh%2BdeC3nCILaavrW186SHZomaUaFpUzCy5WLVTB1iis9hBTKChyg3bR%2Brp1Tndp43l91p7uP76uUZwCmoKBjrIfgvXwjdQA4w0zWlg%2FjbHUz9CPzNRdIO4Yra8%2BaaZt7IrdqjEEn9xxv%2F%2BbJw%3D%3D%7Ctkp%3ABk9SR46b7_e_Zg
Nuevo Smartphone Samsung Galaxy A17 5G 256GB 8GB 2025 Desbloqueado Android SelladoSe abre en una ventana nueva,USD240.34,https://www.ebay.com/itm/376611470063?_skw=telefono&itmmeta=01K7ZQVSMT1C79BA63K9VSBBKJ&hash=item57afcafaef:g:cgYAAeSwnUxo6QaY&itmprp=enc%3AAQAKAAAA4FkggFvd1GGDu0w3yXCmi1crd8Nrn1TFtQbsdixfEhcGltvdG31aan36IfFMpPI6uJ%2B38nZS2VGFqAgxUjzuQexBbpTZGUO2k%2FNR7heE%2FAejqlx1PlE6figTkZtg9E0YwYr%2B5CldPi%2BREGmv5%2B5OmeMUte3KT6thW4S0Kn1s92ouD%2BiMsAzdWS7nlHd58%2FaaPw2YG8LFsByY0%2FE8vPppSOh4Fbrpdz6t%2BQQXH1E1iAEzdUvjI6svucO5PPGcNIKbjVEq1a7T6PBrukGUT%2BTkhM2T6Qpb6kluGjlrzXqD0hQi%7Ctkp%3ABk9SR46b7_e_Zg
Smartphone S24 Ultra 5G Desbloqueado con Pluma Herramienta Precisión - Experiencia Android 14Se abre en una ventana nueva,USD105.00,https://www.ebay.com/itm/236379886613?_skw=telefono&itmmeta=01K7ZQVSMTFZE56A30B4QDHK4G&hash=item370956d415:g:V6QAAeSwWwFo6GuW&itmprp=enc%3AAQAKAAAA4FkggFvd1GGDu0w3yXCmi1czSUT1ib0%2FBaYhLotDB5P1xfo%2Bqx5JyaXkhMDNKOdjU0fl9C3dJLGhUnq2JP7yZ%2BiOiGCFMj7YdZ0jYZ%2B3a6mPS2sFf8u1gZReL12sa5IbOfcvMCrCY59yGjA7IjpyQicszhTludw7i0pKCkEplnJXJm7G4GUj0ktgtVWkopdnAD5r3JIjMayLNAjncUI4MWAqEepOYyQhlVCv%2Bcb%2FpIkLpAFFsF6h%2BngZ%2BKRTw7WjbFYnEV9x9Ymt5EDMESmgdZdRUtsOFLoAtMkuP1XYEMHB%7Ctkp%3ABFBMjpvv979m
Pantalla curva 3D Tecno Pova Slim 5G desbloqueada de fábrica 8 GB RAM 128 GB de almacenamiento-AZULSe abre en una ventana nueva,USD249.74,https://www.ebay.com/itm/177389636411?_skw=telefono&itmmeta=01K7ZQVSMTAQRJ0GHN5CY1BSDN&hash=item294d3f0b3b:g:s14AAeSwAhBouoS3&itmprp=enc%3AAQAKAAAA4FkggFvd1GGDu0w3yXCmi1ckp2Po5EYZFy7%2FRTfxbm6xuaCCYnDbOrF0FwZ90jjPoR0Tq7E83uPQ4rbkVrRMCTfSujlIMhzyglfI%2BT5ri3AOFaflyNELPGyiA%2FoF8YlgduXTaIDkEKV5G29mXJJvf86OE7r0Grh1nouKE9oeXRNooFqcVgMo5EFplo1zhu6Jqa8T0p2P5AP%2F80mxaNMZFT0gtNRJYIlvnHvAaggG5lgHhioII0C55dhqWbBRI%2FHDOkY2GPn%2FwSQKfQOEfpPEE0Eddtkd7%2FUea5Il1tP986aE%7Ctkp%3ABFBMjpvv979m
Paginación de resultados: página 1,No disponible,https://www.ebay.com/sch/i.html?_nkw=telefono&_sacat=0&_from=R40&_ipg=60&_pgn=1
